USE Studintv2
-- Usuario
-- Estudiante
INSERT INTO usuario (id_usuario, email, password, fecha_registro) VALUES (1, 'baldomero.leal7@gmail.com', '@6GTD$ITdd', '2024-02-16');
INSERT INTO usuario (id_usuario, email, password, fecha_registro) VALUES (2, 'lupita.sanabria35@gmail.com', '_k@CUvni@0', '2023-06-25');
INSERT INTO usuario (id_usuario, email, password, fecha_registro) VALUES (3, 'rómulo.vilalta12@gmail.com', 'br8bUzh1&t', '2024-04-14');
INSERT INTO usuario (id_usuario, email, password, fecha_registro) VALUES (4, 'soledad.beltrán99@gmail.com', '+@V7MszsPm', '2024-08-11');
INSERT INTO usuario (id_usuario, email, password, fecha_registro) VALUES (5, 'alondra.elías53@gmail.com', 'h8)26OmK#(', '2025-05-13');
INSERT INTO usuario (id_usuario, email, password, fecha_registro) VALUES (6, 'adán.pina35@gmail.com', 'H@8MhWuZxr', '2024-11-16');
INSERT INTO usuario (id_usuario, email, password, fecha_registro) VALUES (7, 'joel.bermudez14@gmail.com', '_AYj9nqRC0', '2025-01-11');
INSERT INTO usuario (id_usuario, email, password, fecha_registro) VALUES (8, 'elías.sanz5@gmail.com', 'q0LbAo#Q_Q', '2024-08-12');
INSERT INTO usuario (id_usuario, email, password, fecha_registro) VALUES (9, 'lucila.peinado49@gmail.com', '$P3Kcv^229', '2023-12-12');
INSERT INTO usuario (id_usuario, email, password, fecha_registro) VALUES (10, 'che.molins69@gmail.com', ')rv@s5Rren', '2025-03-29');
INSERT INTO usuario (id_usuario, email, password, fecha_registro) VALUES (11, 'angélica.cases72@gmail.com', 'Wx)0dZMzpB', '2024-04-07');
INSERT INTO usuario (id_usuario, email, password, fecha_registro) VALUES (12, 'noelia.barrios43@gmail.com', '&0TFQ)imB6', '2023-09-07');
INSERT INTO usuario (id_usuario, email, password, fecha_registro) VALUES (13, 'adela.morata44@gmail.com', '7DILUuCo$J', '2024-06-15');
INSERT INTO usuario (id_usuario, email, password, fecha_registro) VALUES (14, 'camila.cid7@gmail.com', 'p^5rH9tyBG', '2024-03-19');
INSERT INTO usuario (id_usuario, email, password, fecha_registro) VALUES (15, 'teodoro.aroca21@gmail.com', '00QiuoAv)P', '2024-08-21');
-- Empresa
INSERT INTO usuario (id_usuario, email, password, fecha_registro) VALUES (16, 'soluciones_digitales@outlook.com', '(1(UiKmO23', '2025-06-05');
INSERT INTO usuario (id_usuario, email, password, fecha_registro) VALUES (17, 'bioPharmaPe@outlook.com', '5vgRKa1(&m', '2025-02-15');
INSERT INTO usuario (id_usuario, email, password, fecha_registro) VALUES (18, 'agro.innova@outlook.com', 'b$6GyH$qgt', '2024-08-17');
INSERT INTO usuario (id_usuario, email, password, fecha_registro) VALUES (19, 'consultores-estrategicos@outlook.com', '*G8Pr*Ljj3', '2023-10-20');
INSERT INTO usuario (id_usuario, email, password, fecha_registro) VALUES (20, 'red-salud.int12@outlook.com', '4J^0%De)$K', '2023-08-24');
INSERT INTO usuario (id_usuario, email, password, fecha_registro) VALUES (21, 'smartTechPe01@outlook.com', 'D4%S5VmT%r', '2024-03-29');
INSERT INTO usuario (id_usuario, email, password, fecha_registro) VALUES (22, 'eco-Vida21@outlook.com', 'D0!TiZ^f&j', '2024-04-20');
INSERT INTO usuario (id_usuario, email, password, fecha_registro) VALUES (23, 'gfa-pe-01@outlook.com', 'J$3XSl7#tY', '2023-09-29');
INSERT INTO usuario (id_usuario, email, password, fecha_registro) VALUES (24, 'innovacionEdu100@outlook.com', '%6)%1CSlRy', '2023-06-20');
INSERT INTO usuario (id_usuario, email, password, fecha_registro) VALUES (25, 'dataScience-consultores@outlook.com', 'n1YEbmo!)t', '2024-01-09');
INSERT INTO usuario (id_usuario, email, password, fecha_registro) VALUES (26, 'constructoraElRoble15@outlook.com', '&U4CaeqBSa', '2024-05-12');
INSERT INTO usuario (id_usuario, email, password, fecha_registro) VALUES (27, 'AbogadosAsociados_SRL@outlook.com', 'l6bSsCz2!m', '2025-03-22');
INSERT INTO usuario (id_usuario, email, password, fecha_registro) VALUES (28, 'ServiciosLogisticos__20@outlook.com', 'ud3#p7BrI@', '2024-11-11');
INSERT INTO usuario (id_usuario, email, password, fecha_registro) VALUES (29, 'TechMinera--pe@outlook.com', 'C1ZjaAPe&b', '2024-09-27');
INSERT INTO usuario (id_usuario, email, password, fecha_registro) VALUES (30, 'fun_AyudaTotal@outlook.com', '*t6VSt9h(9', '2023-10-25');

-- Universidad
INSERT INTO universidad (id_universidad, nombre, abreviatura, tipo, url_sitio_web, telefono, descripcion) VALUES (1, 'Pontificia Universidad Católica del Perú', 'PUCP', 'Privada', 'https://www.pucp.edu.pe', '01239-4444', 'Universidad privada ubicada en Lima');
INSERT INTO universidad (id_universidad, nombre, abreviatura, tipo, url_sitio_web, telefono, descripcion) VALUES (2, 'Universidad Nacional Mayor de San Marcos', 'UNMSM', 'Pública', 'https://www.unmsm.edu.pe', '01452-4646', 'La universidad más antigua de América');
INSERT INTO universidad (id_universidad, nombre, abreviatura, tipo, url_sitio_web, telefono, descripcion) VALUES (3, 'Universidad Peruana Cayetano Heredia', 'UPCH', 'Privada', 'https://www.upch.edu.pe', '01482-1234', 'Con énfasis en ciencias de la salud');
INSERT INTO universidad (id_universidad, nombre, abreviatura, tipo, url_sitio_web, telefono, descripcion) VALUES (4, 'Universidad Nacional de Ingeniería', 'UNI', 'Pública', 'https://www.uni.edu.pe', '01423-2323', 'Especializada en ingeniería y arquitectura');
INSERT INTO universidad (id_universidad, nombre, abreviatura, tipo, url_sitio_web, telefono, descripcion) VALUES (5, 'Universidad del Pacífico', 'UP', 'Privada', 'https://www.up.edu.pe', '01444-5678', 'Reconocida por sus programas en economía y negocios');
INSERT INTO universidad (id_universidad, nombre, abreviatura, tipo, url_sitio_web, telefono, descripcion) VALUES (6, 'Universidad de Lima', 'UL', 'Privada', 'https://www.ulima.edu.pe', '01466-1122', 'Enfocada en comunicación, ingeniería y negocios');
INSERT INTO universidad (id_universidad, nombre, abreviatura, tipo, url_sitio_web, telefono, descripcion) VALUES (7, 'Universidad Nacional Agraria La Molina', 'UNALM', 'Pública', 'https://www.lamolina.edu.pe', '01411-3344', 'Especializada en agronomía y ciencias biológicas');
INSERT INTO universidad (id_universidad, nombre, abreviatura, tipo, url_sitio_web, telefono, descripcion) VALUES (8, 'Universidad San Ignacio de Loyola', 'USIL', 'Privada', 'https://www.usil.edu.pe', '01455-9988', 'Universidad empresarial con visión internacional');
INSERT INTO universidad (id_universidad, nombre, abreviatura, tipo, url_sitio_web, telefono, descripcion) VALUES (9, 'Universidad Científica del Sur', 'UCSUR', 'Privada', 'https://www.cientifica.edu.pe', '01477-7788', 'Especializada en salud y medioambiente');
INSERT INTO universidad (id_universidad, nombre, abreviatura, tipo, url_sitio_web, telefono, descripcion) VALUES (10, 'Universidad Nacional del Callao', 'UNAC', 'Pública', 'https://www.unac.edu.pe', '01488-8899', 'Reconocida en ingeniería y ciencias del mar');

-- Carrera
INSERT INTO carrera_universitaria (id_carrera, nombre, descripcion) VALUES (1, 'Ingeniería de Sistemas', 'Carrera orientada al desarrollo y mantenimiento de sistemas informáticos.');
INSERT INTO carrera_universitaria (id_carrera, nombre, descripcion) VALUES (2, 'Ciberseguridad', 'Formación integral de profesionales encargados de la seguridad de la información de las empresas');
INSERT INTO carrera_universitaria (id_carrera, nombre, descripcion) VALUES (3, 'Derecho', 'Formación jurídica para el ejercicio de la abogacía y otras funciones legales.');
INSERT INTO carrera_universitaria (id_carrera, nombre, descripcion) VALUES (4, 'Administración de Empresas', 'Gestión empresarial enfocada en liderazgo y estrategia.');
INSERT INTO carrera_universitaria (id_carrera, nombre, descripcion) VALUES (5, 'Contabilidad', 'Registro, análisis e interpretación de información financiera.');
INSERT INTO carrera_universitaria (id_carrera, nombre, descripcion) VALUES (6, 'Psicología', 'Estudio del comportamiento humano y procesos mentales.');
INSERT INTO carrera_universitaria (id_carrera, nombre, descripcion) VALUES (7, 'Ingeniería Civil', 'Diseño, construcción y mantenimiento de obras de infraestructura.');
INSERT INTO carrera_universitaria (id_carrera, nombre, descripcion) VALUES (8, 'Economía', 'Análisis económico y formulación de políticas.');
INSERT INTO carrera_universitaria (id_carrera, nombre, descripcion) VALUES (9, 'Ingeniería Industrial', 'Optimización de procesos industriales y organizacionales.');
INSERT INTO carrera_universitaria (id_carrera, nombre, descripcion) VALUES (10, 'Biología', 'Estudio científico de organismos vivos y sus procesos.');

-- Relación carrera-universidad
INSERT INTO universidad_carrera_universitaria (idUniversidad, idCarrera) VALUES (1, 8);
INSERT INTO universidad_carrera_universitaria (idUniversidad, idCarrera) VALUES (1, 2);
INSERT INTO universidad_carrera_universitaria (idUniversidad, idCarrera) VALUES (1, 1);
INSERT INTO universidad_carrera_universitaria (idUniversidad, idCarrera) VALUES (1, 10);
INSERT INTO universidad_carrera_universitaria (idUniversidad, idCarrera) VALUES (1, 6);
INSERT INTO universidad_carrera_universitaria (idUniversidad, idCarrera) VALUES (2, 3);
INSERT INTO universidad_carrera_universitaria (idUniversidad, idCarrera) VALUES (2, 10);
INSERT INTO universidad_carrera_universitaria (idUniversidad, idCarrera) VALUES (2, 1);
INSERT INTO universidad_carrera_universitaria (idUniversidad, idCarrera) VALUES (2, 9);
INSERT INTO universidad_carrera_universitaria (idUniversidad, idCarrera) VALUES (2, 4);
INSERT INTO universidad_carrera_universitaria (idUniversidad, idCarrera) VALUES (3, 10);
INSERT INTO universidad_carrera_universitaria (idUniversidad, idCarrera) VALUES (3, 8);
INSERT INTO universidad_carrera_universitaria (idUniversidad, idCarrera) VALUES (3, 5);
INSERT INTO universidad_carrera_universitaria (idUniversidad, idCarrera) VALUES (3, 4);
INSERT INTO universidad_carrera_universitaria (idUniversidad, idCarrera) VALUES (3, 1);
INSERT INTO universidad_carrera_universitaria (idUniversidad, idCarrera) VALUES (4, 5);
INSERT INTO universidad_carrera_universitaria (idUniversidad, idCarrera) VALUES (4, 6);
INSERT INTO universidad_carrera_universitaria (idUniversidad, idCarrera) VALUES (4, 8);
INSERT INTO universidad_carrera_universitaria (idUniversidad, idCarrera) VALUES (4, 2);
INSERT INTO universidad_carrera_universitaria (idUniversidad, idCarrera) VALUES (4, 10);
INSERT INTO universidad_carrera_universitaria (idUniversidad, idCarrera) VALUES (5, 9);
INSERT INTO universidad_carrera_universitaria (idUniversidad, idCarrera) VALUES (5, 6);
INSERT INTO universidad_carrera_universitaria (idUniversidad, idCarrera) VALUES (5, 1);
INSERT INTO universidad_carrera_universitaria (idUniversidad, idCarrera) VALUES (5, 4);
INSERT INTO universidad_carrera_universitaria (idUniversidad, idCarrera) VALUES (5, 10);
INSERT INTO universidad_carrera_universitaria (idUniversidad, idCarrera) VALUES (6, 9);
INSERT INTO universidad_carrera_universitaria (idUniversidad, idCarrera) VALUES (6, 7);
INSERT INTO universidad_carrera_universitaria (idUniversidad, idCarrera) VALUES (6, 8);
INSERT INTO universidad_carrera_universitaria (idUniversidad, idCarrera) VALUES (6, 5);
INSERT INTO universidad_carrera_universitaria (idUniversidad, idCarrera) VALUES (6, 6);
INSERT INTO universidad_carrera_universitaria (idUniversidad, idCarrera) VALUES (7, 7);
INSERT INTO universidad_carrera_universitaria (idUniversidad, idCarrera) VALUES (7, 6);
INSERT INTO universidad_carrera_universitaria (idUniversidad, idCarrera) VALUES (7, 1);
INSERT INTO universidad_carrera_universitaria (idUniversidad, idCarrera) VALUES (7, 10);
INSERT INTO universidad_carrera_universitaria (idUniversidad, idCarrera) VALUES (7, 9);
INSERT INTO universidad_carrera_universitaria (idUniversidad, idCarrera) VALUES (8, 3);
INSERT INTO universidad_carrera_universitaria (idUniversidad, idCarrera) VALUES (8, 2);
INSERT INTO universidad_carrera_universitaria (idUniversidad, idCarrera) VALUES (8, 8);
INSERT INTO universidad_carrera_universitaria (idUniversidad, idCarrera) VALUES (8, 6);
INSERT INTO universidad_carrera_universitaria (idUniversidad, idCarrera) VALUES (8, 10);
INSERT INTO universidad_carrera_universitaria (idUniversidad, idCarrera) VALUES (9, 3);
INSERT INTO universidad_carrera_universitaria (idUniversidad, idCarrera) VALUES (9, 6);
INSERT INTO universidad_carrera_universitaria (idUniversidad, idCarrera) VALUES (9, 9);
INSERT INTO universidad_carrera_universitaria (idUniversidad, idCarrera) VALUES (9, 5);
INSERT INTO universidad_carrera_universitaria (idUniversidad, idCarrera) VALUES (9, 4);
INSERT INTO universidad_carrera_universitaria (idUniversidad, idCarrera) VALUES (10, 2);
INSERT INTO universidad_carrera_universitaria (idUniversidad, idCarrera) VALUES (10, 8);
INSERT INTO universidad_carrera_universitaria (idUniversidad, idCarrera) VALUES (10, 7);
INSERT INTO universidad_carrera_universitaria (idUniversidad, idCarrera) VALUES (10, 5);
INSERT INTO universidad_carrera_universitaria (idUniversidad, idCarrera) VALUES (10, 3);

-- Estudiante (15)
INSERT INTO estudiante (id_estudiante, id_usuario, id_universidad, id_carrera, nombre, apellido_paterno, apellido_materno, fecha_nacimiento, telefono, url_curriculum, descripcion) VALUES (1, 1, 1, 2, 'Aníbal', 'Perera', 'Badía', '2004-06-09', '+51 947562191', 'https://curriculums.com/aníbal.perera1.pdf', 'Estudiante comprometido con la innovación en tecnología.');
INSERT INTO estudiante (id_estudiante, id_usuario, id_universidad, id_carrera, nombre, apellido_paterno, apellido_materno, fecha_nacimiento, telefono, url_curriculum, descripcion) VALUES (2, 2, 3, 5, 'Cristian', 'Baena', 'Villalobos', '2005-07-03', '+51 950222628', 'https://curriculums.com/cristian.baena2.pdf', 'Apasionado por el desarrollo de software y el trabajo en equipo.');
INSERT INTO estudiante (id_estudiante, id_usuario, id_universidad, id_carrera, nombre, apellido_paterno, apellido_materno, fecha_nacimiento, telefono, url_curriculum, descripcion) VALUES (3, 3, 8, 8, 'Agustina', 'Prieto', 'Montalbán', '1999-11-09', '+51 966157701', 'https://curriculums.com/agustina.prieto3.pdf', 'Interesada en inteligencia artificial y ética tecnológica.');
INSERT INTO estudiante (id_estudiante, id_usuario, id_universidad, id_carrera, nombre, apellido_paterno, apellido_materno, fecha_nacimiento, telefono, url_curriculum, descripcion) VALUES (4, 4, 2, 3, 'Pili', 'Alcaraz', 'Olivé', '2004-12-22', '+51 945841530', 'https://curriculums.com/pili.alcaraz4.pdf', 'Responsable y con interés en proyectos de impacto social.');
INSERT INTO estudiante (id_estudiante, id_usuario, id_universidad, id_carrera, nombre, apellido_paterno, apellido_materno, fecha_nacimiento, telefono, url_curriculum, descripcion) VALUES (5, 5, 9, 3, 'Gabino', 'Falcón', 'Blanca', '2006-10-26', '+51 926767060', 'https://curriculums.com/gabino.falcón5.pdf', 'Creativo y entusiasta por el aprendizaje continuo.');
INSERT INTO estudiante (id_estudiante, id_usuario, id_universidad, id_carrera, nombre, apellido_paterno, apellido_materno, fecha_nacimiento, telefono, url_curriculum, descripcion) VALUES (6, 6, 5, 4, 'Luciano', 'Cordero', 'Montenegro', '2004-08-07', '+51 945380972', 'https://curriculums.com/luciano.cordero6.pdf', 'Estudiante curioso con habilidades en análisis de datos.');
INSERT INTO estudiante (id_estudiante, id_usuario, id_universidad, id_carrera, nombre, apellido_paterno, apellido_materno, fecha_nacimiento, telefono, url_curriculum, descripcion) VALUES (7, 7, 1, 8, 'Victoria', 'Montserrat', 'Piñeiro', '2004-04-09', '+51 929823026', 'https://curriculums.com/victoria.montserrat7.pdf', 'Motivada por el diseño de interfaces centradas en el usuario.');
INSERT INTO estudiante (id_estudiante, id_usuario, id_universidad, id_carrera, nombre, apellido_paterno, apellido_materno, fecha_nacimiento, telefono, url_curriculum, descripcion) VALUES (8, 8, 5, 1, 'Elpidio', 'Diéguez', 'Ocaña', '2005-05-28', '+51 932246227', 'https://curriculums.com/elpidio.diéguez8.pdf', 'Interesado en ciberseguridad y protección de datos.');
INSERT INTO estudiante (id_estudiante, id_usuario, id_universidad, id_carrera, nombre, apellido_paterno, apellido_materno, fecha_nacimiento, telefono, url_curriculum, descripcion) VALUES (9, 9, 3, 1, 'Félix', 'Serrano', 'Rozas', '2000-12-01', '+51 948809316', 'https://curriculums.com/félix.serrano9.pdf', 'Dedicado a mejorar procesos a través de tecnología.');
INSERT INTO estudiante (id_estudiante, id_usuario, id_universidad, id_carrera, nombre, apellido_paterno, apellido_materno, fecha_nacimiento, telefono, url_curriculum, descripcion) VALUES (10, 10, 6, 9, 'Máxima', 'Figueroa', 'Cuenca', '2003-12-16', '+51 903711420', 'https://curriculums.com/máxima.figueroa10.pdf', 'Analítica, organizada y con vocación por el aprendizaje.');
INSERT INTO estudiante (id_estudiante, id_usuario, id_universidad, id_carrera, nombre, apellido_paterno, apellido_materno, fecha_nacimiento, telefono, url_curriculum, descripcion) VALUES (11, 11, 7, 9, 'Evaristo', 'Fuente', 'Falcón', '1999-07-13', '+51 901684712', 'https://curriculums.com/evaristo.fuente11.pdf', 'Firme en sus objetivos, con habilidades en liderazgo.');
INSERT INTO estudiante (id_estudiante, id_usuario, id_universidad, id_carrera, nombre, apellido_paterno, apellido_materno, fecha_nacimiento, telefono, url_curriculum, descripcion) VALUES (12, 12, 7, 1, 'Consuela', 'Águila', 'Briones', '2000-05-02', '+51 955776223', 'https://curriculums.com/consuela.águila12.pdf', 'Comprometida con proyectos sostenibles y responsables.');
INSERT INTO estudiante (id_estudiante, id_usuario, id_universidad, id_carrera, nombre, apellido_paterno, apellido_materno, fecha_nacimiento, telefono, url_curriculum, descripcion) VALUES (13, 13, 10, 8, 'Ileana', 'Gras', 'Cortes', '2004-07-20', '+51 947950757', 'https://curriculums.com/ileana.gras13.pdf', 'Con interés en la investigación y el desarrollo científico.');
INSERT INTO estudiante (id_estudiante, id_usuario, id_universidad, id_carrera, nombre, apellido_paterno, apellido_materno, fecha_nacimiento, telefono, url_curriculum, descripcion) VALUES (14, 14, 1, 10, 'Merche', 'Morcillo', 'Cepeda', '2000-02-04', '+51 947415264', 'https://curriculums.com/merche.morcillo14.pdf', 'Buscando oportunidades para aplicar conocimientos en campo.');
INSERT INTO estudiante (id_estudiante, id_usuario, id_universidad, id_carrera, nombre, apellido_paterno, apellido_materno, fecha_nacimiento, telefono, url_curriculum, descripcion) VALUES (15, 15, 9, 3, 'Iván', 'Aller', 'Batalla', '2000-01-26', '+51 988787435', 'https://curriculums.com/iván.aller15.pdf', 'Perseverante y proactivo, con pasión por la tecnología.');

-- Empresas (15)
INSERT INTO empresa (id_empresa, id_usuario, ruc, razon_social, sector, direccion, telefono, url_sitio_web, descripcion) VALUES (1, 16, '78684228355', 'Soluciones Digitales SAC', 'Tecnología', 'Avenida Ramón Guerrero 81 Teruel, 59909', '+51851 234 637', 'https://solucionesdigitalessac.com.pe', 'Empresa especializada en soluciones digitales para negocios en crecimiento.');
INSERT INTO empresa (id_empresa, id_usuario, ruc, razon_social, sector, direccion, telefono, url_sitio_web, descripcion) VALUES (2, 17, '84016774219', 'BioPharma Perú SAC', 'Salud', 'Urbanización Adalberto Jimenez 25 Málaga, 01418', '+51886 35 57 93', 'https://biopharmaperúsac.com.pe', 'Compañía farmacéutica comprometida con la innovación y la salud pública.');
INSERT INTO empresa (id_empresa, id_usuario, ruc, razon_social, sector, direccion, telefono, url_sitio_web, descripcion) VALUES (3, 18, '27942611288', 'AgroInnova SRL', 'Agroindustria', 'Urbanización de Silvio Sanchez 50 Puerta 9  Teruel, 76244', '+51 710 37 30 05', 'https://agroinnovasrl.com.pe', 'Empresa agroindustrial dedicada a mejorar procesos de cultivo y distribución.');
INSERT INTO empresa (id_empresa, id_usuario, ruc, razon_social, sector, direccion, telefono, url_sitio_web, descripcion) VALUES (4, 19, '87274870239', 'Consultores Estratégicos S.A.C.', 'Consultoría', 'Glorieta Vera Manzano 17 Barcelona, 97874', '+51 813975135', 'https://consultoresestratégicoss.a.c.com.pe', 'Consultora que ofrece asesoría estratégica a empresas de diversos sectores.');
INSERT INTO empresa (id_empresa, id_usuario, ruc, razon_social, sector, direccion, telefono, url_sitio_web, descripcion) VALUES (5, 20, '63448720177', 'Red de Salud Integral', 'Salud', 'Camino de Ricarda Oliveras 847 Piso 2  Ávila, 15300', '+51702 913 459', 'https://reddesaludintegral.com.pe', 'Red de clínicas y centros médicos que priorizan el bienestar de sus pacientes.');
INSERT INTO empresa (id_empresa, id_usuario, ruc, razon_social, sector, direccion, telefono, url_sitio_web, descripcion) VALUES (6, 21, '73357854990', 'SmartTech Perú', 'Tecnología', 'Camino Álvaro Reguera 30 La Rioja, 05480', '+51 727255558', 'https://smarttechperú.com.pe', 'Empresa tecnológica enfocada en el desarrollo de soluciones inteligentes.');
INSERT INTO empresa (id_empresa, id_usuario, ruc, razon_social, sector, direccion, telefono, url_sitio_web, descripcion) VALUES (7, 22, '10189536311', 'EcoVida Ambiental SAC', 'Medio Ambiente', 'Plaza Carmen Borrego 82 Lleida, 03120', '+51933 814 906', 'https://ecovidaambientalsac.com.pe', 'Organización que promueve prácticas sostenibles y cuidado ambiental.');
INSERT INTO empresa (id_empresa, id_usuario, ruc, razon_social, sector, direccion, telefono, url_sitio_web, descripcion) VALUES (8, 23, '70708192793', 'Grupo Financiero Andino', 'Finanzas', 'Pasadizo de Gregorio Pinilla 44 Puerta 1  Córdoba, 64901', '+51 639 703 269', 'https://grupofinancieroandino.com.pe', 'Grupo financiero que brinda asesoría y servicios de inversión personalizados.');
INSERT INTO empresa (id_empresa, id_usuario, ruc, razon_social, sector, direccion, telefono, url_sitio_web, descripcion) VALUES (9, 24, '10829688787', 'Innovación Educativa S.A.', 'Educación', 'Calle Tere Benavent 45 Puerta 1  La Rioja, 59000', '+51984 98 74 07', 'https://innovacióneducativas.a.com.pe', 'Institución educativa dedicada a innovar en procesos de aprendizaje digital.');
INSERT INTO empresa (id_empresa, id_usuario, ruc, razon_social, sector, direccion, telefono, url_sitio_web, descripcion) VALUES (10, 25, '97764515291', 'DataScience Consultores', 'Consultoría', 'Alameda Buenaventura Manzanares 466 Piso 2  Huesca, 49435', '+51 732 714 209', 'https://datascienceconsultores.com.pe', 'Consultora experta en análisis de datos y transformación digital empresarial.');
INSERT INTO empresa (id_empresa, id_usuario, ruc, razon_social, sector, direccion, telefono, url_sitio_web, descripcion) VALUES (11, 26, '11805420939', 'Constructora El Roble SAC', 'Construcción', 'Glorieta Mauricio Bellido 27 Apt. 39  Valladolid, 79631', '+51 701 39 34 12', 'https://constructoraelroblesac.com.pe', 'Constructora reconocida por su compromiso con la calidad y sostenibilidad.');
INSERT INTO empresa (id_empresa, id_usuario, ruc, razon_social, sector, direccion, telefono, url_sitio_web, descripcion) VALUES (12, 27, '92070901553', 'Abogados Asociados SRL', 'Legal', 'Camino Rosalina Gonzalo 193 Puerta 2  Ceuta, 17098', '+51707524805', 'https://abogadosasociadossrl.com.pe', 'Estudio legal que ofrece servicios jurídicos personalizados y de confianza.');
INSERT INTO empresa (id_empresa, id_usuario, ruc, razon_social, sector, direccion, telefono, url_sitio_web, descripcion) VALUES (13, 28, '78988379382', 'Servicios Logísticos Inti', 'Logística', 'Ronda de Leonor Hoyos 42 Santa Cruz de Tenerife, 05810', '+51744 901 912', 'https://servicioslogísticosinti.com.pe', 'Empresa de logística con soluciones eficientes para distribución y transporte.');
INSERT INTO empresa (id_empresa, id_usuario, ruc, razon_social, sector, direccion, telefono, url_sitio_web, descripcion) VALUES (14, 29, '18971280044', 'TechMinería Perú', 'Minería', 'Rambla Charo Arroyo 83 Puerta 2  Málaga, 33295', '+34 639184003', 'https://techmineríaperú.com.pe', 'Empresa minera que aplica tecnología para operaciones responsables.');
INSERT INTO empresa (id_empresa, id_usuario, ruc, razon_social, sector, direccion, telefono, url_sitio_web, descripcion) VALUES (15, 30, '63840855411', 'Fundación Ayuda Total', 'ONG', 'Urbanización Cruz Costa 9 Zamora, 94511', '+51725713452', 'https://fundaciónayudatotal.com.pe', 'ONG dedicada a brindar apoyo a comunidades en situación de vulnerabilidad.');

-- Remuneración
INSERT INTO remuneracion (id_remuneracion, monto) VALUES (1, 1130);
INSERT INTO remuneracion (id_remuneracion, monto) VALUES (2, 1200);
INSERT INTO remuneracion (id_remuneracion, monto) VALUES (3, 1500);

-- Puesto
INSERT INTO puesto (id_puesto, id_empresa, nombre, lugar_practicas, modalidad, fecha_publicacion, fecha_limite, descripcion, id_remuneracion) VALUES (1, 1, 'Asistente de Laboratorio', 'Lima, Perú', 'Remoto', '2025-02-24', '2025-07-21', 'Apoyo en tareas de laboratorio, manejo de instrumentos y análisis básicos.', 2);
INSERT INTO puesto (id_puesto, id_empresa, nombre, lugar_practicas, modalidad, fecha_publicacion, fecha_limite, descripcion, id_remuneracion) VALUES (2, 8, 'Backend Intern', 'Lima, Perú', 'Presencial', '2025-02-18', '2025-06-21', 'Desarrollo y mantenimiento de servicios backend bajo supervisión.', 3);
INSERT INTO puesto (id_puesto, id_empresa, nombre, lugar_practicas, modalidad, fecha_publicacion, fecha_limite, descripcion, id_remuneracion) VALUES (3, 6, 'Frontend Intern', 'Lima, Perú', 'Remoto', '2025-03-22', '2025-07-10', 'Desarrollo y mantenimiento de la web de la empresa', 2);
INSERT INTO puesto (id_puesto, id_empresa, nombre, lugar_practicas, modalidad, fecha_publicacion, fecha_limite, descripcion, id_remuneracion) VALUES (4, 1, 'Practicante de Contabilidad', 'Lima, Perú', 'Híbrido', '2025-03-02', '2025-07-06', 'Soporte en registros contables', 3);
INSERT INTO puesto (id_puesto, id_empresa, nombre, lugar_practicas, modalidad, fecha_publicacion, fecha_limite, descripcion, id_remuneracion) VALUES (5, 3, 'Analista de Datos', 'Lima, Perú', 'Remoto', '2025-01-11', '2025-07-12', 'Procesamiento y análisis de datos para apoyar en la toma de decisiones.', 1);
INSERT INTO puesto (id_puesto, id_empresa, nombre, lugar_practicas, modalidad, fecha_publicacion, fecha_limite, descripcion, id_remuneracion) VALUES (6, 12, 'Desarrollador Frontend', 'Lima, Perú', 'Híbrido', '2025-02-23', '2025-07-06', 'Desarrollo de interfaces web funcionales y responsivas.', 1);
INSERT INTO puesto (id_puesto, id_empresa, nombre, lugar_practicas, modalidad, fecha_publicacion, fecha_limite, descripcion, id_remuneracion) VALUES (7, 6, 'Asistente Contable', 'Lima, Perú', 'Híbrido', '2025-03-12', '2025-06-03', 'Soporte en registros contables, conciliaciones y reportes financieros.', 1);
INSERT INTO puesto (id_puesto, id_empresa, nombre, lugar_practicas, modalidad, fecha_publicacion, fecha_limite, descripcion, id_remuneracion) VALUES (8, 12, 'Gestor de Proyectos', 'Lima, Perú', 'Presencial', '2025-01-04', '2025-06-24', 'Coordinación y seguimiento de proyectos institucionales.', 3);
INSERT INTO puesto (id_puesto, id_empresa, nombre, lugar_practicas, modalidad, fecha_publicacion, fecha_limite, descripcion, id_remuneracion) VALUES (9, 1, 'Practicante Legal', 'Lima, Perú', 'Híbrido', '2025-03-11', '2025-06-30', 'Asistencia en labores legales, redacción y revisión de documentos.', 2);
INSERT INTO puesto (id_puesto, id_empresa, nombre, lugar_practicas, modalidad, fecha_publicacion, fecha_limite, descripcion, id_remuneracion) VALUES (10, 9, 'Técnico en Sistemas', 'Lima, Perú', 'Remoto', '2025-02-23', '2025-07-19', 'Mantenimiento y soporte a sistemas informáticos institucionales.', 1);
INSERT INTO puesto (id_puesto, id_empresa, nombre, lugar_practicas, modalidad, fecha_publicacion, fecha_limite, descripcion, id_remuneracion) VALUES (11, 15, 'Asistente de Logística', 'Lima, Perú', 'Híbrido', '2025-02-20', '2025-06-22', 'Gestión de inventario, control de pedidos y apoyo logístico.', 2);
INSERT INTO puesto (id_puesto, id_empresa, nombre, lugar_practicas, modalidad, fecha_publicacion, fecha_limite, descripcion, id_remuneracion) VALUES (12, 13, 'Practicante de Contabilidad', 'Lima, Perú', 'Remoto', '2025-01-02', '2025-06-02', 'Responsable del registro de comprobantes, conciliaciones bancarias y apoyo en cierres contables', 2);
INSERT INTO puesto (id_puesto, id_empresa, nombre, lugar_practicas, modalidad, fecha_publicacion, fecha_limite, descripcion, id_remuneracion) VALUES (13, 3, 'Practicante de Economía', 'Lima, Perú', 'Híbrido', '2025-03-19', '2025-07-18', 'Elaboración de reportes económicos, análisis de datos macro y microeconómicos', 2);
INSERT INTO puesto (id_puesto, id_empresa, nombre, lugar_practicas, modalidad, fecha_publicacion, fecha_limite, descripcion, id_remuneracion) VALUES (14, 9, 'Practicante Legal', 'Lima, Perú', 'Presencial', '2025-01-15', '2025-06-06', 'Redacción de escritos legales, revisión de expedientes, apoyo en la elaboración de contratos y seguimiento de procesos judiciales y administrativos.', 3);
INSERT INTO puesto (id_puesto, id_empresa, nombre, lugar_practicas, modalidad, fecha_publicacion, fecha_limite, descripcion, id_remuneracion) VALUES (15, 3, 'Soporte Técnico', 'Lima, Perú', 'Híbrido', '2025-02-21', '2025-06-14', 'Atención y resolución de incidencias técnicas a nivel usuario.', 2);
INSERT INTO puesto (id_puesto, id_empresa, nombre, lugar_practicas, modalidad, fecha_publicacion, fecha_limite, descripcion, id_remuneracion) VALUES (16, 7, 'Practicante de Ingeniería de Sistemas', 'Lima, Perú', 'Presencial', '2025-01-16', '2025-07-28', 'Desarrollo y pruebas de aplicaciones web, mantenimiento de bases de datos, documentación de software y soporte a usuarios en herramientas internas.', 3);
INSERT INTO puesto (id_puesto, id_empresa, nombre, lugar_practicas, modalidad, fecha_publicacion, fecha_limite, descripcion, id_remuneracion) VALUES (17, 3, 'Practicante de Ciberseguridad', 'Lima, Perú', 'Remoto', '2025-02-02', '2025-07-28', 'Apoyo en la identificación de vulnerabilidades, análisis de incidentes de seguridad, monitoreo de logs, participación en auditorías interna', 3);
INSERT INTO puesto (id_puesto, id_empresa, nombre, lugar_practicas, modalidad, fecha_publicacion, fecha_limite, descripcion, id_remuneracion) VALUES (18, 1, 'Bioinformático Junior', 'Lima, Perú', 'Remoto', '2025-02-05', '2025-06-18', 'Apoyo en el análisis de datos genómicos y desarrollo de scripts.', 2);
INSERT INTO puesto (id_puesto, id_empresa, nombre, lugar_practicas, modalidad, fecha_publicacion, fecha_limite, descripcion, id_remuneracion) VALUES (19, 14, 'Practicante de Biología', 'Lima, Perú', 'Híbrido', '2025-03-07', '2025-07-25', 'Asistencia en tareas de laboratorio y registro de observaciones biológicas.', 3);
INSERT INTO puesto (id_puesto, id_empresa, nombre, lugar_practicas, modalidad, fecha_publicacion, fecha_limite, descripcion, id_remuneracion) VALUES (20, 12, 'Desarrollador Full Stack', 'Lima, Perú', 'Híbrido', '2025-02-23', '2025-07-14', 'Participación en proyectos web, tanto en frontend como backend.', 3);


-- Evaluaciones (IDs del 10 al 30, correlativos)
INSERT INTO evaluacion (id_evaluacion) VALUES (10);
INSERT INTO evaluacion (id_evaluacion) VALUES (11);
INSERT INTO evaluacion (id_evaluacion) VALUES (12);
INSERT INTO evaluacion (id_evaluacion) VALUES (13);
INSERT INTO evaluacion (id_evaluacion) VALUES (14);
INSERT INTO evaluacion (id_evaluacion) VALUES (15);
INSERT INTO evaluacion (id_evaluacion) VALUES (16);
INSERT INTO evaluacion (id_evaluacion) VALUES (17);
INSERT INTO evaluacion (id_evaluacion) VALUES (18);
INSERT INTO evaluacion (id_evaluacion) VALUES (19);
INSERT INTO evaluacion (id_evaluacion) VALUES (20);
INSERT INTO evaluacion (id_evaluacion) VALUES (21);
INSERT INTO evaluacion (id_evaluacion) VALUES (22);
INSERT INTO evaluacion (id_evaluacion) VALUES (23);
INSERT INTO evaluacion (id_evaluacion) VALUES (24);
INSERT INTO evaluacion (id_evaluacion) VALUES (25);
INSERT INTO evaluacion (id_evaluacion) VALUES (26);
INSERT INTO evaluacion (id_evaluacion) VALUES (27);
INSERT INTO evaluacion (id_evaluacion) VALUES (28);
INSERT INTO evaluacion (id_evaluacion) VALUES (29);
INSERT INTO evaluacion (id_evaluacion) VALUES (30);

-- Evaluaciones psicotécnicas asociadas a empresas
INSERT INTO evaluacion_psicotecnica (id_evaluacion, id_empresa) VALUES (21, 1);
INSERT INTO evaluacion_psicotecnica (id_evaluacion, id_empresa) VALUES (22, 2);
INSERT INTO evaluacion_psicotecnica (id_evaluacion, id_empresa) VALUES (23, 3);
INSERT INTO evaluacion_psicotecnica (id_evaluacion, id_empresa) VALUES (24, 4);
INSERT INTO evaluacion_psicotecnica (id_evaluacion, id_empresa) VALUES (25, 5);
INSERT INTO evaluacion_psicotecnica (id_evaluacion, id_empresa) VALUES (26, 6);
INSERT INTO evaluacion_psicotecnica (id_evaluacion, id_empresa) VALUES (27, 7);
INSERT INTO evaluacion_psicotecnica (id_evaluacion, id_empresa) VALUES (28, 8);
INSERT INTO evaluacion_psicotecnica (id_evaluacion, id_empresa) VALUES (29, 9);
INSERT INTO evaluacion_psicotecnica (id_evaluacion, id_empresa) VALUES (30, 10);

-- Evaluación carrera
INSERT INTO evaluacion_carrera (id_evaluacion, id_carrera, comentario, calificacion_estudiante) VALUES (10, 1, 'Felicitaciones por tu excelente desempeño en esta evaluación.', 11.0);
INSERT INTO evaluacion_carrera (id_evaluacion, id_carrera, comentario, calificacion_estudiante) VALUES (11, 2, 'Tu participación fue adecuada, aunque puedes mejorar.', 18.5);
INSERT INTO evaluacion_carrera (id_evaluacion, id_carrera, comentario, calificacion_estudiante) VALUES (12, 5, 'Lamentablemente no alcanzaste el nivel esperado.', 4.69);
INSERT INTO evaluacion_carrera (id_evaluacion, id_carrera, comentario, calificacion_estudiante) VALUES (13, 9, 'Buen esfuerzo, sigue practicando para mejorar tus resultados.', 15.85);
INSERT INTO evaluacion_carrera (id_evaluacion, id_carrera, comentario, calificacion_estudiante) VALUES (14, 10, 'Excelente análisis en las preguntas conceptuales.', 17.89);
INSERT INTO evaluacion_carrera (id_evaluacion, id_carrera, comentario, calificacion_estudiante) VALUES (15, 9, 'Necesitas reforzar conocimientos clave del curso.', 5.27);
INSERT INTO evaluacion_carrera (id_evaluacion, id_carrera, comentario, calificacion_estudiante) VALUES (16, 7, 'Participación destacada en esta prueba.', 19.53);
INSERT INTO evaluacion_carrera (id_evaluacion, id_carrera, comentario, calificacion_estudiante) VALUES (17, 9, 'Se recomienda revisar los fundamentos teóricos.', 7.35);
INSERT INTO evaluacion_carrera (id_evaluacion, id_carrera, comentario, calificacion_estudiante) VALUES (18, 3, 'Lograste una buena comprensión general.', 16.93);
INSERT INTO evaluacion_carrera (id_evaluacion, id_carrera, comentario, calificacion_estudiante) VALUES (19, 1, 'Hubo errores importantes que deben corregirse.', 12.05);

-- Calificación del desempeño de las prácticas
INSERT INTO calificacion_desempenio (id_calificacion, id_estudiante, id_puesto, puntaje, comentario, cumplimiento, estado_aprobatorio) VALUES (1, 11, 11, 14.62, 'Excelente desempeño, superó ampliamente las expectativas.', 'Alto', 1);
INSERT INTO calificacion_desempenio (id_calificacion, id_estudiante, id_puesto, puntaje, comentario, cumplimiento, estado_aprobatorio) VALUES (2, 2, 12, 9.2, 'Cumplió con lo esperado, aunque hay margen para mejorar.', 'Medio', 0);
INSERT INTO calificacion_desempenio (id_calificacion, id_estudiante, id_puesto, puntaje, comentario, cumplimiento, estado_aprobatorio) VALUES (3, 13, 13, 0.35, 'No cumplió con los objetivos del puesto asignado.', 'Bajo', 0);
INSERT INTO calificacion_desempenio (id_calificacion, id_estudiante, id_puesto, puntaje, comentario, cumplimiento, estado_aprobatorio) VALUES (4, 5, 14, 13.26, 'Desempeño regular, es necesario mayor compromiso.', 'Medio', 1);
INSERT INTO calificacion_desempenio (id_calificacion, id_estudiante, id_puesto, puntaje, comentario, cumplimiento, estado_aprobatorio) VALUES (5, 12, 15, 2.11, 'Falta de comprensión de las tareas asignadas.', 'Alto', 0);
INSERT INTO calificacion_desempenio (id_calificacion, id_estudiante, id_puesto, puntaje, comentario, cumplimiento, estado_aprobatorio) VALUES (6, 8, 16, 14.72, 'Muy buen desempeño a pesar de los desafíos del puesto.', 'Medio', 1);
INSERT INTO calificacion_desempenio (id_calificacion, id_estudiante, id_puesto, puntaje, comentario, cumplimiento, estado_aprobatorio) VALUES (7, 1, 17, 3.6, 'No alcanzó los objetivos establecidos.', 'Bajo', 0);
INSERT INTO calificacion_desempenio (id_calificacion, id_estudiante, id_puesto, puntaje, comentario, cumplimiento, estado_aprobatorio) VALUES (8, 9, 18, 18.50, 'Desempeño muy alto, mejoró la productividad', 'Alto', 1);
INSERT INTO calificacion_desempenio (id_calificacion, id_estudiante, id_puesto, puntaje, comentario, cumplimiento, estado_aprobatorio) VALUES (9, 14, 19, 15.50, 'Participación muy aceptable, puede mejorar ciertos aspectos', 'Alto', 1);
INSERT INTO calificacion_desempenio (id_calificacion, id_estudiante, id_puesto, puntaje, comentario, cumplimiento, estado_aprobatorio) VALUES (10, 4, 9, 9.15, 'Cumplió parcialmente con las tareas asignadas', 'Medio', 0);

-- Postulación
INSERT INTO postulacion (id_puesto, id_estudiante, estado, fecha_registro) VALUES (1, 14, 'En revisión', '2025-07-21');
INSERT INTO postulacion (id_puesto, id_estudiante, estado, fecha_registro) VALUES (2, 8, 'Aceptado', '2025-01-23');
INSERT INTO postulacion (id_puesto, id_estudiante, estado, fecha_registro) VALUES (3, 9, 'Rechazado', '2025-03-01');
INSERT INTO postulacion (id_puesto, id_estudiante, estado, fecha_registro) VALUES (4, 2, 'Aceptado', '2025-03-18');
INSERT INTO postulacion (id_puesto, id_estudiante, estado, fecha_registro) VALUES (5, 12, 'En revisión', '2025-04-19');
INSERT INTO postulacion (id_puesto, id_estudiante, estado, fecha_registro) VALUES (6, 8, 'Aceptado', '2025-02-02');
INSERT INTO postulacion (id_puesto, id_estudiante, estado, fecha_registro) VALUES (7, 2, 'En revisión', '2025-07-06');
INSERT INTO postulacion (id_puesto, id_estudiante, estado, fecha_registro) VALUES (8, 10, 'En revisión', '2025-03-28');
INSERT INTO postulacion (id_puesto, id_estudiante, estado, fecha_registro) VALUES (9, 4, 'Rechazado', '2025-07-13');
INSERT INTO postulacion (id_puesto, id_estudiante, estado, fecha_registro) VALUES (10, 12, 'En revisión', '2025-01-08');

-- ============================================================ Corregir ============================================================
-- Pregunta
-- Psicotécnica

INSERT INTO pregunta (id_pregunta, contenido, puntaje) VALUES (1, 'Si 3 trabajadores hacen un trabajo en 6 horas, ¿cuánto tiempo tomaría a 2 trabajadores hacer el mismo trabajo?', 2.4);
INSERT INTO pregunta (id_pregunta, contenido, puntaje) VALUES (2, '¿Cuál es el número siguiente en la serie: 2, 4, 8, 16, ...?', 3.76);
INSERT INTO pregunta (id_pregunta, contenido, puntaje) VALUES (3, 'Completa la analogía: Pájaro es a volar como pez es a...', 1.01);
INSERT INTO pregunta (id_pregunta, contenido, puntaje) VALUES (4, 'Si todos los gatos son animales y algunos animales son perros, ¿entonces algunos gatos son perros?', 2.4);
INSERT INTO pregunta (id_pregunta, contenido, puntaje) VALUES (5, 'Si hoy es lunes, ¿qué día será dentro de 10 días?', 4.04);
INSERT INTO pregunta (id_pregunta, contenido, puntaje) VALUES (6, '¿Cuál de las siguientes palabras no encaja: Martillo, Serrucho, Destornillador, Guitarra?', 3.59);
INSERT INTO pregunta (id_pregunta, contenido, puntaje) VALUES (7, 'En una carrera, adelantas al segundo. ¿En qué posición estás?', 1.32);
INSERT INTO pregunta (id_pregunta, contenido, puntaje) VALUES (8, 'Si 5x = 20, ¿cuánto vale x?', 3.88);
INSERT INTO pregunta (id_pregunta, contenido, puntaje) VALUES (9, 'Completa la serie: 1, 1, 2, 3, 5, 8, ...', 3.44);
INSERT INTO pregunta (id_pregunta, contenido, puntaje) VALUES (10, '¿Cuál palabra es sinónimo de "feliz"?', 2.78);
INSERT INTO pregunta (id_pregunta, contenido, puntaje) VALUES (11, '¿Cuál número es mayor: 3/4 o 5/8?', 1.42);
INSERT INTO pregunta (id_pregunta, contenido, puntaje) VALUES (12, '¿Qué palabra está mal escrita en este grupo: casa, perro, gato, zapallo, cocodrilo, abioneta?', 3.39);
INSERT INTO pregunta (id_pregunta, contenido, puntaje) VALUES (13, '¿Qué número completa la serie: 10, 20, 30, __, 50?', 3.98);
INSERT INTO pregunta (id_pregunta, contenido, puntaje) VALUES (14, 'Si Juan es mayor que Pedro y Pedro es mayor que Luis, ¿quién es el menor?', 1.79);
INSERT INTO pregunta (id_pregunta, contenido, puntaje) VALUES (15, '¿Qué instrumento se usa para medir la temperatura?', 3.54);

-- De carrera (2 por carrera)
INSERT INTO pregunta (id_pregunta, contenido, puntaje) VALUES (16, '¿Qué es un algoritmo?', 1.28);
INSERT INTO pregunta (id_pregunta, contenido, puntaje) VALUES (17, '¿Qué lenguaje se usa para programar aplicaciones web?', 1.82);
INSERT INTO pregunta (id_pregunta, contenido, puntaje) VALUES (18, '¿Qué es el phishing y cómo se puede evitar?', 2.43);
INSERT INTO pregunta (id_pregunta, contenido, puntaje) VALUES (19, '¿Cuál es una buena práctica para crear una contraseña segura?', 4.11);
INSERT INTO pregunta (id_pregunta, contenido, puntaje) VALUES (20, '¿Qué es una constitución?', 2.13);
INSERT INTO pregunta (id_pregunta, contenido, puntaje) VALUES (21, '¿Qué significa habeas corpus?', 4.56);
INSERT INTO pregunta (id_pregunta, contenido, puntaje) VALUES (22, '¿Qué es una estrategia empresarial?', 4.93);
INSERT INTO pregunta (id_pregunta, contenido, puntaje) VALUES (23, 'Define el concepto de ROI.', 1.65);
INSERT INTO pregunta (id_pregunta, contenido, puntaje) VALUES (24, '¿Qué es un activo?', 1.11);
INSERT INTO pregunta (id_pregunta, contenido, puntaje) VALUES (25, '¿Cuál es el principio de partida doble?', 3.91);
INSERT INTO pregunta (id_pregunta, contenido, puntaje) VALUES (26, '¿Qué estudia la psicología?', 4.06);
INSERT INTO pregunta (id_pregunta, contenido, puntaje) VALUES (27, '¿Qué es la memoria a corto plazo?', 4.6);
INSERT INTO pregunta (id_pregunta, contenido, puntaje) VALUES (28, '¿Qué es una viga?', 3.69);
INSERT INTO pregunta (id_pregunta, contenido, puntaje) VALUES (29, '¿Cuál es la unidad de medida de fuerza?', 4.12);
INSERT INTO pregunta (id_pregunta, contenido, puntaje) VALUES (30, '¿Qué es la inflación?', 2.46);
INSERT INTO pregunta (id_pregunta, contenido, puntaje) VALUES (31, '¿Qué mide el PBI?', 1.4);
INSERT INTO pregunta (id_pregunta, contenido, puntaje) VALUES (32, '¿Qué es productividad?', 5.0);
INSERT INTO pregunta (id_pregunta, contenido, puntaje) VALUES (33, 'Define diagrama de flujo.', 3.42);
INSERT INTO pregunta (id_pregunta, contenido, puntaje) VALUES (34, '¿Qué es una célula?', 2.08);
INSERT INTO pregunta (id_pregunta, contenido, puntaje) VALUES (35, '¿Qué es el ADN?', 4.57);

-- Preguntas de carrera
INSERT INTO pregunta_carrera (id_pregunta_carrera, id_pregunta, id_evaluacion_carrera) VALUES (1, 16, 11);
INSERT INTO pregunta_carrera (id_pregunta_carrera, id_pregunta, id_evaluacion_carrera) VALUES (2, 17, 11);
INSERT INTO pregunta_carrera (id_pregunta_carrera, id_pregunta, id_evaluacion_carrera) VALUES (3, 18, 12);
INSERT INTO pregunta_carrera (id_pregunta_carrera, id_pregunta, id_evaluacion_carrera) VALUES (4, 19, 12);
INSERT INTO pregunta_carrera (id_pregunta_carrera, id_pregunta, id_evaluacion_carrera) VALUES (5, 20, 13);
INSERT INTO pregunta_carrera (id_pregunta_carrera, id_pregunta, id_evaluacion_carrera) VALUES (6, 21, 13);
INSERT INTO pregunta_carrera (id_pregunta_carrera, id_pregunta, id_evaluacion_carrera) VALUES (7, 22, 14);
INSERT INTO pregunta_carrera (id_pregunta_carrera, id_pregunta, id_evaluacion_carrera) VALUES (8, 23, 14);
INSERT INTO pregunta_carrera (id_pregunta_carrera, id_pregunta, id_evaluacion_carrera) VALUES (9, 24, 15);
INSERT INTO pregunta_carrera (id_pregunta_carrera, id_pregunta, id_evaluacion_carrera) VALUES (10, 25, 15);
INSERT INTO pregunta_carrera (id_pregunta_carrera, id_pregunta, id_evaluacion_carrera) VALUES (11, 26, 16);
INSERT INTO pregunta_carrera (id_pregunta_carrera, id_pregunta, id_evaluacion_carrera) VALUES (12, 27, 16);
INSERT INTO pregunta_carrera (id_pregunta_carrera, id_pregunta, id_evaluacion_carrera) VALUES (13, 28, 17);
INSERT INTO pregunta_carrera (id_pregunta_carrera, id_pregunta, id_evaluacion_carrera) VALUES (14, 29, 17);
INSERT INTO pregunta_carrera (id_pregunta_carrera, id_pregunta, id_evaluacion_carrera) VALUES (15, 30, 18);
INSERT INTO pregunta_carrera (id_pregunta_carrera, id_pregunta, id_evaluacion_carrera) VALUES (16, 31, 18);
INSERT INTO pregunta_carrera (id_pregunta_carrera, id_pregunta, id_evaluacion_carrera) VALUES (17, 32, 19);
INSERT INTO pregunta_carrera (id_pregunta_carrera, id_pregunta, id_evaluacion_carrera) VALUES (18, 33, 19);
INSERT INTO pregunta_carrera (id_pregunta_carrera, id_pregunta, id_evaluacion_carrera) VALUES (19, 34, 20);
INSERT INTO pregunta_carrera (id_pregunta_carrera, id_pregunta, id_evaluacion_carrera) VALUES (20, 35, 20);

-- Preguntas psicotécnicas
INSERT INTO pregunta_psicotecnica (id_pregunta_psicotecnica, id_pregunta, id_evaluacion_psicotecnica) VALUES (1, 1, 21);
INSERT INTO pregunta_psicotecnica (id_pregunta_psicotecnica, id_pregunta, id_evaluacion_psicotecnica) VALUES (2, 2, 22);
INSERT INTO pregunta_psicotecnica (id_pregunta_psicotecnica, id_pregunta, id_evaluacion_psicotecnica) VALUES (3, 3, 23);
INSERT INTO pregunta_psicotecnica (id_pregunta_psicotecnica, id_pregunta, id_evaluacion_psicotecnica) VALUES (4, 4, 24);
INSERT INTO pregunta_psicotecnica (id_pregunta_psicotecnica, id_pregunta, id_evaluacion_psicotecnica) VALUES (5, 5, 25);
INSERT INTO pregunta_psicotecnica (id_pregunta_psicotecnica, id_pregunta, id_evaluacion_psicotecnica) VALUES (6, 6, 26);
INSERT INTO pregunta_psicotecnica (id_pregunta_psicotecnica, id_pregunta, id_evaluacion_psicotecnica) VALUES (7, 7, 27);
INSERT INTO pregunta_psicotecnica (id_pregunta_psicotecnica, id_pregunta, id_evaluacion_psicotecnica) VALUES (8, 8, 28);
INSERT INTO pregunta_psicotecnica (id_pregunta_psicotecnica, id_pregunta, id_evaluacion_psicotecnica) VALUES (9, 9, 29);
INSERT INTO pregunta_psicotecnica (id_pregunta_psicotecnica, id_pregunta, id_evaluacion_psicotecnica) VALUES (10, 10, 30);
INSERT INTO pregunta_psicotecnica (id_pregunta_psicotecnica, id_pregunta, id_evaluacion_psicotecnica) VALUES (11, 11, 21);
INSERT INTO pregunta_psicotecnica (id_pregunta_psicotecnica, id_pregunta, id_evaluacion_psicotecnica) VALUES (12, 12, 22);
INSERT INTO pregunta_psicotecnica (id_pregunta_psicotecnica, id_pregunta, id_evaluacion_psicotecnica) VALUES (13, 13, 23);
INSERT INTO pregunta_psicotecnica (id_pregunta_psicotecnica, id_pregunta, id_evaluacion_psicotecnica) VALUES (14, 14, 24);
INSERT INTO pregunta_psicotecnica (id_pregunta_psicotecnica, id_pregunta, id_evaluacion_psicotecnica) VALUES (15, 15, 25);


INSERT INTO respuesta_correcta (id_respuesta, id_pregunta, contenido, explicacion) VALUES (1, 1, 'B', 'Respuesta correcta por descarte lógico.');
INSERT INTO respuesta_correcta (id_respuesta, id_pregunta, contenido, explicacion) VALUES (2, 2, 'B', 'Es la opción con mayor coherencia en el contexto.');
INSERT INTO respuesta_correcta (id_respuesta, id_pregunta, contenido, explicacion) VALUES (3, 3, 'A', 'Es la opción con mayor coherencia en el contexto.');
INSERT INTO respuesta_correcta (id_respuesta, id_pregunta, contenido, explicacion) VALUES (4, 4, 'B', 'Respuesta correcta por descarte lógico.');
INSERT INTO respuesta_correcta (id_respuesta, id_pregunta, contenido, explicacion) VALUES (5, 5, 'C', 'Es la opción con mayor coherencia en el contexto.');
INSERT INTO respuesta_correcta (id_respuesta, id_pregunta, contenido, explicacion) VALUES (6, 6, 'C', 'Aplicación directa del concepto evaluado.');
INSERT INTO respuesta_correcta (id_respuesta, id_pregunta, contenido, explicacion) VALUES (7, 7, 'A', 'Aplicación directa del concepto evaluado.');
INSERT INTO respuesta_correcta (id_respuesta, id_pregunta, contenido, explicacion) VALUES (8, 8, 'A', 'Es la opción con mayor coherencia en el contexto.');
INSERT INTO respuesta_correcta (id_respuesta, id_pregunta, contenido, explicacion) VALUES (9, 9, 'B', 'Es la opción con mayor coherencia en el contexto.');
INSERT INTO respuesta_correcta (id_respuesta, id_pregunta, contenido, explicacion) VALUES (10, 10, 'B', 'Se basa en el principio teórico correspondiente.');
INSERT INTO respuesta_correcta (id_respuesta, id_pregunta, contenido, explicacion) VALUES (11, 11, 'A', 'Respuesta correcta por descarte lógico.');
INSERT INTO respuesta_correcta (id_respuesta, id_pregunta, contenido, explicacion) VALUES (12, 12, 'A', 'Aplicación directa del concepto evaluado.');
INSERT INTO respuesta_correcta (id_respuesta, id_pregunta, contenido, explicacion) VALUES (13, 13, 'A', 'Respuesta derivada de una regla básica.');
INSERT INTO respuesta_correcta (id_respuesta, id_pregunta, contenido, explicacion) VALUES (14, 14, 'B', 'Es la opción con mayor coherencia en el contexto.');
INSERT INTO respuesta_correcta (id_respuesta, id_pregunta, contenido, explicacion) VALUES (15, 15, 'C', 'Se basa en el principio teórico correspondiente.');
INSERT INTO respuesta_correcta (id_respuesta, id_pregunta, contenido, explicacion) VALUES (16, 16, 'A', 'Respuesta derivada de una regla básica.');
INSERT INTO respuesta_correcta (id_respuesta, id_pregunta, contenido, explicacion) VALUES (17, 17, 'A', 'Respuesta derivada de una regla básica.');
INSERT INTO respuesta_correcta (id_respuesta, id_pregunta, contenido, explicacion) VALUES (18, 18, 'A', 'Se basa en el principio teórico correspondiente.');
INSERT INTO respuesta_correcta (id_respuesta, id_pregunta, contenido, explicacion) VALUES (19, 19, 'A', 'Respuesta derivada de una regla básica.');
INSERT INTO respuesta_correcta (id_respuesta, id_pregunta, contenido, explicacion) VALUES (20, 20, 'A', 'Respuesta correcta por descarte lógico.');
INSERT INTO respuesta_correcta (id_respuesta, id_pregunta, contenido, explicacion) VALUES (21, 21, 'A', 'Aplicación directa del concepto evaluado.');
INSERT INTO respuesta_correcta (id_respuesta, id_pregunta, contenido, explicacion) VALUES (22, 22, 'B', 'Respuesta derivada de una regla básica.');
INSERT INTO respuesta_correcta (id_respuesta, id_pregunta, contenido, explicacion) VALUES (23, 23, 'A', 'Respuesta derivada de una regla básica.');
INSERT INTO respuesta_correcta (id_respuesta, id_pregunta, contenido, explicacion) VALUES (24, 24, 'B', 'Respuesta correcta por descarte lógico.');
INSERT INTO respuesta_correcta (id_respuesta, id_pregunta, contenido, explicacion) VALUES (25, 25, 'A', 'Respuesta correcta por descarte lógico.');
INSERT INTO respuesta_correcta (id_respuesta, id_pregunta, contenido, explicacion) VALUES (26, 26, 'C', 'Respuesta derivada de una regla básica.');
INSERT INTO respuesta_correcta (id_respuesta, id_pregunta, contenido, explicacion) VALUES (27, 27, 'B', 'Aplicación directa del concepto evaluado.');
INSERT INTO respuesta_correcta (id_respuesta, id_pregunta, contenido, explicacion) VALUES (28, 28, 'A', 'Aplicación directa del concepto evaluado.');
INSERT INTO respuesta_correcta (id_respuesta, id_pregunta, contenido, explicacion) VALUES (29, 29, 'C', 'Se basa en el principio teórico correspondiente.');
INSERT INTO respuesta_correcta (id_respuesta, id_pregunta, contenido, explicacion) VALUES (30, 30, 'B', 'Es la opción con mayor coherencia en el contexto.');
INSERT INTO respuesta_correcta (id_respuesta, id_pregunta, contenido, explicacion) VALUES (31, 31, 'C', 'Aplicación directa del concepto evaluado.');
INSERT INTO respuesta_correcta (id_respuesta, id_pregunta, contenido, explicacion) VALUES (32, 32, 'C', 'Es la opción con mayor coherencia en el contexto.');
INSERT INTO respuesta_correcta (id_respuesta, id_pregunta, contenido, explicacion) VALUES (33, 33, 'A', 'Se basa en el principio teórico correspondiente.');
INSERT INTO respuesta_correcta (id_respuesta, id_pregunta, contenido, explicacion) VALUES (34, 34, 'B', 'Es la opción con mayor coherencia en el contexto.');
INSERT INTO respuesta_correcta (id_respuesta, id_pregunta, contenido, explicacion) VALUES (35, 35, 'A', 'Respuesta derivada de una regla básica.');

-- == Cambiar en el diagrama de entidades (corrección de tipo en contenido_respuesta) / Corregido

INSERT INTO respuesta_estudiante (id_respuesta, id_pregunta, id_estudiante, contenido_respuesta, estado_aprobatorio) VALUES (14, 14, 8, 'B', 0);
INSERT INTO respuesta_estudiante (id_respuesta, id_pregunta, id_estudiante, contenido_respuesta, estado_aprobatorio) VALUES (5, 5, 14, 'C', 1);
INSERT INTO respuesta_estudiante (id_respuesta, id_pregunta, id_estudiante, contenido_respuesta, estado_aprobatorio) VALUES (10, 10, 3, 'B', 1);
INSERT INTO respuesta_estudiante (id_respuesta, id_pregunta, id_estudiante, contenido_respuesta, estado_aprobatorio) VALUES (15, 15, 15, 'C', 1);
INSERT INTO respuesta_estudiante (id_respuesta, id_pregunta, id_estudiante, contenido_respuesta, estado_aprobatorio) VALUES (29, 29, 10, 'C', 1);
INSERT INTO respuesta_estudiante (id_respuesta, id_pregunta, id_estudiante, contenido_respuesta, estado_aprobatorio) VALUES (26, 26, 10, 'C', 1);
INSERT INTO respuesta_estudiante (id_respuesta, id_pregunta, id_estudiante, contenido_respuesta, estado_aprobatorio) VALUES (28, 28, 12, 'A', 1);
INSERT INTO respuesta_estudiante (id_respuesta, id_pregunta, id_estudiante, contenido_respuesta, estado_aprobatorio) VALUES (24, 24, 2, 'B', 1);
INSERT INTO respuesta_estudiante (id_respuesta, id_pregunta, id_estudiante, contenido_respuesta, estado_aprobatorio) VALUES (14, 14, 2, 'B', 1);
INSERT INTO respuesta_estudiante (id_respuesta, id_pregunta, id_estudiante, contenido_respuesta, estado_aprobatorio) VALUES (35, 35, 15, 'A', 0);


INSERT INTO calificacion (id_evaluacion, id_estudiante, puntaje, comentario, estado_aprobatorio) VALUES (11, 4, 13.5, 'Se requiere mejorar ciertos conceptos clave.', 1);
INSERT INTO calificacion (id_evaluacion, id_estudiante, puntaje, comentario, estado_aprobatorio) VALUES (19, 2, 19.56, 'Buen desempeño general.', 1);
INSERT INTO calificacion (id_evaluacion, id_estudiante, puntaje, comentario, estado_aprobatorio) VALUES (17, 13, 14.62, 'Faltó mayor precisión en algunas respuestas.', 1);
INSERT INTO calificacion (id_evaluacion, id_estudiante, puntaje, comentario, estado_aprobatorio) VALUES (20, 7, 6.68, 'Se requiere mejorar ciertos conceptos clave.', 0);
INSERT INTO calificacion (id_evaluacion, id_estudiante, puntaje, comentario, estado_aprobatorio) VALUES (17, 7, 13.16, 'Buen desempeño general.', 1);
INSERT INTO calificacion (id_evaluacion, id_estudiante, puntaje, comentario, estado_aprobatorio) VALUES (12, 1, 4.32, 'Se requiere mejorar ciertos conceptos clave.', 0);
INSERT INTO calificacion (id_evaluacion, id_estudiante, puntaje, comentario, estado_aprobatorio) VALUES (20, 5, 7.3, 'Faltó mayor precisión en algunas respuestas.', 0);
INSERT INTO calificacion (id_evaluacion, id_estudiante, puntaje, comentario, estado_aprobatorio) VALUES (15, 5, 8.22, 'Se requiere mejorar ciertos conceptos clave.', 0);
INSERT INTO calificacion (id_evaluacion, id_estudiante, puntaje, comentario, estado_aprobatorio) VALUES (19, 9, 16.9, 'Muy buen razonamiento en las preguntas finales.', 1);
INSERT INTO calificacion (id_evaluacion, id_estudiante, puntaje, comentario, estado_aprobatorio) VALUES (12, 14, 18.5, 'Muy buen razonamiento en las preguntas finales.', 1);
